{
	"frmsSrvcStatusCd": "SUCCESSFUL_RETRIEVAL",
	"statusDetailMsg": "Successfully retrieved user details.",
	"usersList": [{
		"identifier": 7,
		"originalSystemUserIdentifier": 4,
		"userIdentifier": "n0245773",
		"userFirstName": "Harsha",
		"userLastName": "Edupuganti",
		"userDepartment": "LifeWorks",
		"userStatus": "Active",
		"effectiveDateTime": "2014-07-23T16:09:24.560+0000",
		"endDateTime": "2014-07-23T18:16:58.030+0000",
		"createdDateTime": "2014-07-23T16:09:23.781+0000",
		"createdByUserIdentifier": "n0245773",
		"formsWriteIndicator": "1",
		"recordsWriteIndicator": "1",
		"packagesWriteIndicator": "1",
		"metadataWriteIndicator": "1",
		"frmsPromoteIndicator": "1",
		"userAdministratorIndicator": "1",
		"change": null
	},
	{
		"identifier": 8,
		"originalSystemUserIdentifier": 4,
		"userIdentifier": "n0245773",
		"userFirstName": "Harsh",
		"userLastName": "Edupuganti",
		"userDepartment": "LifeWorks",
		"userStatus": "Active",
		"effectiveDateTime": "2014-07-23T18:16:58.880+0000",
		"endDateTime": "2014-07-23T18:39:38.724+0000",
		"createdDateTime": "2014-07-23T18:16:58.185+0000",
		"createdByUserIdentifier": "n0245773",
		"formsWriteIndicator": "1",
		"recordsWriteIndicator": "1",
		"packagesWriteIndicator": "1",
		"metadataWriteIndicator": "1",
		"frmsPromoteIndicator": "1",
		"userAdministratorIndicator": "1",
		"change": null
	},
	{
		"identifier": 9,
		"originalSystemUserIdentifier": 4,
		"userIdentifier": "n0245773",
		"userFirstName": "Harsha",
		"userLastName": "Edupuganti",
		"userDepartment": "LifeWorks",
		"userStatus": "Active",
		"effectiveDateTime": "2014-07-23T18:39:39.560+0000",
		"endDateTime": "2014-07-23T20:02:14.986+0000",
		"createdDateTime": "2014-07-23T18:39:38.921+0000",
		"createdByUserIdentifier": "n0245773",
		"formsWriteIndicator": "1",
		"recordsWriteIndicator": "1",
		"packagesWriteIndicator": "1",
		"metadataWriteIndicator": "1",
		"frmsPromoteIndicator": "1",
		"userAdministratorIndicator": "1",
		"change": null
	},
	{
		"identifier": 10,
		"originalSystemUserIdentifier": 4,
		"userIdentifier": "n0245773",
		"userFirstName": "Harsha",
		"userLastName": "Edupuganti",
		"userDepartment": "LifeWorks",
		"userStatus": "Active",
		"effectiveDateTime": "2014-07-23T20:02:15.769+0000",
		"endDateTime": "2014-07-23T20:02:46.109+0000",
		"createdDateTime": "2014-07-23T20:02:15.181+0000",
		"createdByUserIdentifier": "n0245773",
		"formsWriteIndicator": "0",
		"recordsWriteIndicator": "0",
		"packagesWriteIndicator": "0",
		"metadataWriteIndicator": "1",
		"frmsPromoteIndicator": "1",
		"userAdministratorIndicator": "1",
		"change": null
	},
	{
		"identifier": 4,
		"originalSystemUserIdentifier": 4,
		"userIdentifier": "n0245773",
		"userFirstName": "Harsha",
		"userLastName": "Edupuganti",
		"userDepartment": "LifeWorks",
		"userStatus": "Active",
		"effectiveDateTime": "2014-01-01T05:00:00.000+0000",
		"endDateTime": "2014-07-22T21:47:20.789+0000",
		"createdDateTime": "2014-07-22T11:12:11.529+0000",
		"createdByUserIdentifier": "n0245773",
		"formsWriteIndicator": "1",
		"recordsWriteIndicator": "1",
		"packagesWriteIndicator": "1",
		"metadataWriteIndicator": "1",
		"frmsPromoteIndicator": "1",
		"userAdministratorIndicator": "1",
		"change": null
	},
	{
		"identifier": 5,
		"originalSystemUserIdentifier": 4,
		"userIdentifier": "n0245773",
		"userFirstName": "Harsha",
		"userLastName": "Edupuganti",
		"userDepartment": "LifeWorks",
		"userStatus": "Active",
		"effectiveDateTime": "2014-07-22T21:47:21.660+0000",
		"endDateTime": "2014-07-22T21:47:41.821+0000",
		"createdDateTime": "2014-07-22T21:47:20.958+0000",
		"createdByUserIdentifier": "n0245773",
		"formsWriteIndicator": "0",
		"recordsWriteIndicator": "1",
		"packagesWriteIndicator": "1",
		"metadataWriteIndicator": "1",
		"frmsPromoteIndicator": "1",
		"userAdministratorIndicator": "1",
		"change": null
	},
	{
		"identifier": 6,
		"originalSystemUserIdentifier": 4,
		"userIdentifier": "n0245773",
		"userFirstName": "Harsha",
		"userLastName": "Edupuganti",
		"userDepartment": "LifeWorks",
		"userStatus": "Active",
		"effectiveDateTime": "2014-07-22T21:47:42.692+0000",
		"endDateTime": "2014-07-23T16:09:23.632+0000",
		"createdDateTime": "2014-07-22T21:47:41.927+0000",
		"createdByUserIdentifier": "n0245773",
		"formsWriteIndicator": "1",
		"recordsWriteIndicator": "0",
		"packagesWriteIndicator": "1",
		"metadataWriteIndicator": "1",
		"frmsPromoteIndicator": "1",
		"userAdministratorIndicator": "1",
		"change": null
	}]
}